<References xmlns="http://xmlns.oracle.com/adf/jndi">
  <Reference name="LocalDB" className="oracle.jdeveloper.db.adapter.DatabaseProvider" credentialStoreKey="LocalDB"
             xmlns="">
    <Factory className="oracle.jdevimpl.db.adapter.DatabaseProviderFactory1212"/>
    <RefAddresses>
      <StringRefAddr addrType="sid">
        <Contents>XE</Contents>
      </StringRefAddr>
      <StringRefAddr addrType="subtype">
        <Contents>oraJDBC</Contents>
      </StringRefAddr>
      <StringRefAddr addrType="port">
        <Contents>1521</Contents>
      </StringRefAddr>
      <StringRefAddr addrType="hostname">
        <Contents>localhost</Contents>
      </StringRefAddr>
      <StringRefAddr addrType="user">
        <Contents>hr</Contents>
      </StringRefAddr>
      <SecureRefAddr addrType="password"/>
      <StringRefAddr addrType="oraDriverType">
        <Contents>thin</Contents>
      </StringRefAddr>
    </RefAddresses>
  </Reference>
</References>